{"cameraMode":{"drawMode":0,"name":"Shaded","section":"Shading Mode"},"sceneLighting":true,"audioPlay":false,"sceneViewState":{"m_AlwaysRefresh":false,"showFog":true,"showSkybox":true,"showFlares":true,"showImageEffects":true,"showParticleSystems":true,"showVisualEffectGraphs":true,"m_FxEnabled":true},"in2DMode":false,"pivot":{"x":-3.399874687194824,"y":15.615686416625977,"z":76.87837219238281},"rotation":{"x":-0.1556721180677414,"y":0.006517353467643261,"z":-0.0010310063371434808,"w":-0.9877997040748596},"size":57.26150131225586,"orthographic":false}